name,pieces,minifigs,image
10251: ,2380,5,https://images.brickset.com/sets/small/10251-1.jpg?201510121127
10252: ,1167,,https://images.brickset.com/sets/small/10252-1.jpg?201606140214
10253: ,4163,,https://images.brickset.com/sets/small/10253-1.jpg?201605190256
10254: ,734,5,https://images.brickset.com/sets/small/10254-1.jpg?201608110306
10654: ,1600,,https://images.brickset.com/sets/small/10654-1.jpg?201609271134
10702: ,583,,https://images.brickset.com/sets/small/10702-1.jpg?201511230710
10705: ,1000,,https://images.brickset.com/sets/small/10705-1.jpg?201605201119
10720: ,63,2,https://images.brickset.com/sets/small/10720-1.jpg?201601050913
10721: ,66,2,https://images.brickset.com/sets/small/10721-1.jpg?201601050913
10722: ,92,2,https://images.brickset.com/sets/small/10722-1.jpg?201601050913
10723: ,70,1,https://images.brickset.com/sets/small/10723-1.jpg?201601050913
10724: ,164,3,https://images.brickset.com/sets/small/10724-1.jpg?201605201119
10725: ,172,3,https://images.brickset.com/sets/small/10725-1.jpg?201601050913
10726: ,58,1,https://images.brickset.com/sets/small/10726-1.jpg?201605201119
10727: ,136,2,https://images.brickset.com/sets/small/10727-1.jpg?201605201119
10728: ,173,2,https://images.brickset.com/sets/small/10728-1.jpg?201605201119
10729: ,116,2,https://images.brickset.com/sets/small/10729-1.jpg?201601050913
10801: ,13,,https://images.brickset.com/sets/small/10801-1.jpg?201511230710
10802: ,18,1,https://images.brickset.com/sets/small/10802-1.jpg?201511230710
10803: ,40,2,https://images.brickset.com/sets/small/10803-1.jpg?201511230710
10804: ,86,2,https://images.brickset.com/sets/small/10804-1.jpg?201511230710
10805: ,163,5,https://images.brickset.com/sets/small/10805-1.jpg?201601050913
10806: ,20,1,https://images.brickset.com/sets/small/10806-1.jpg?201511230710
10807: ,15,2,https://images.brickset.com/sets/small/10807-1.jpg?201511230710
10808: ,13,1,https://images.brickset.com/sets/small/10808-1.jpg?201511230710
